question,subject,choices,answer,model_name,0-zero-answer,0-zero-cot-answer,0-zero-cot-process
根据Evan和Freeman（1993）的观点，________原则和_______原则可以在特定情况下用于确定谁构成一个______。,business_ethics,"['公司权利，公司效应，利益相关者', '公司否认，公司效应，利益相关者', '公司权利，公司责任，利益相关者', '公司权利，公司效应，股东']",0,gpt-3.5-turbo,A,A,根据Evan和Freeman（1993）的观点，利益相关者理论强调了公司与其利益相关者之间的关系。通常，利益相关者的定义涉及到公司权利和公司效应的原则。因此，选项A中的“公司权利”和“公司效应”与“利益相关者”相匹配。选项B提到“公司否认”，这不符合利益相关者的定义。选项C提到“公司责任”，虽然相关，但不如“公司效应”直接。选项D中的“股东”不符合Evan和Freeman的利益相关者理论的广泛定义。因此，最合适的选项是A。
根据Evan和Freeman（1993）的观点，________原则和_______原则可以在特定情况下用于确定谁构成一个______。,business_ethics,"['公司权利，公司效应，利益相关者', '公司否认，公司效应，利益相关者', '公司权利，公司责任，利益相关者', '公司权利，公司效应，股东']",0,gpt-4.1-nano,A,A,题干中提到Evan和Freeman（1993）的观点，涉及“原则”和“在特定情况下用于确定谁构成一个______”。根据Freeman的利益相关者理论，通常强调“公司权利”和“公司效应”这两个原则，用于界定“利益相关者”。选项A中的“公司权利”和“公司效应”符合Freeman的理论核心内容，且“利益相关者”是该理论关注的对象。其他选项中的“公司否认”或“公司责任”不符合Freeman的主要观点，且“股东”范围较窄，不符合“利益相关者”的广义定义。
在企业对企业的背景下，利益冲突主要可以通过两种方式产生：______利益和______利益的冲突，例如，当一家公司被另一家公司聘为专业服务供应商时，或者______利益和______利益的冲突，例如，当个人的利益可能与其雇主的利益发生冲突时。,business_ethics,"['专业，组织，个人，组织', '专业，个人，个人，组织', '个人，组织，组织，专业', '个人，专业，组织，个人']",0,gpt-3.5-turbo,A,A,"根据题目，利益冲突可以分为两种主要类型。第一种是与公司之间的关系相关，通常涉及到专业利益和组织利益的冲突。第二种是与个人相关的利益冲突，通常是个人利益与组织利益之间的冲突。因此，正确的选项应该包含“专业”和“组织”作为第一种利益冲突的类型，以及“个人”和“组织”作为第二种利益冲突的类型。

选项分析
A. 专业，组织，个人，组织 - 符合逻辑。
B. 专业，个人，个人，组织 - 不符合逻辑。
C. 个人，组织，组织，专业 - 不符合逻辑。
D. 个人，专业，组织，个人 - 不符合逻辑。"
在企业对企业的背景下，利益冲突主要可以通过两种方式产生：______利益和______利益的冲突，例如，当一家公司被另一家公司聘为专业服务供应商时，或者______利益和______利益的冲突，例如，当个人的利益可能与其雇主的利益发生冲突时。,business_ethics,"['专业，组织，个人，组织', '专业，个人，个人，组织', '个人，组织，组织，专业', '个人，专业，组织，个人']",0,gpt-4.1-nano,B,A,"题干中提到在企业对企业的背景下，利益冲突主要有两种类型一种是“专业利益”和“组织利益”的冲突，另一种是“个人利益”和“组织利益”的冲突。  
第一空应填“专业”和“组织”，因为专业利益涉及专业人员的职业操守或专业责任，组织利益涉及企业或机构的利益。  
第二空应填“个人”和“组织”，因为个人利益可能与其雇主（组织）的利益发生冲突。  
对应选项  
A. 专业，组织，个人，组织 —— 符合题意。  
B. 专业，个人，个人，组织 —— 不符合第一空的“专业”与“组织”的对应关系。  
C. 个人，组织，组织，专业 —— 不符合逻辑顺序。  
D. 个人，专业，组织，个人 —— 不符合题意。"
